<?xml version="1.0" encoding="UTF-8" ?>
<!DOCTYPE log4j:configuration SYSTEM "log4j.dtd">
<log4j:configuration>

    <appender name="console" class="org.apache.log4j.ConsoleAppender" >
        <param name="Encoding" value="Cp866"/>
        <layout class="org.apache.log4j.PatternLayout">
            <param name="ConversionPattern" value="%d{HH:mm:ss.SS} %p %m%n"/>
        </layout>
    </appender>

    <appender name="file" class="org.apache.log4j.RollingFileAppender">
        <param name="threshold" value="info"/>

        <param name="file" value="logger.log"/>
        <param name="MaxFileSize" value="100MB"/>
        <param name="encoding" value="UTF-8" />
        <!-- Keep one backup file -->
        <param name="MaxBackupIndex" value="6"/>

        <layout class="org.apache.log4j.PatternLayout">
            <param name="ConversionPattern" value="%d{HH:mm:ss.SS} %p %m%n"/>
        </layout>
    </appender>

    <root>
        <priority value ="debug" />
        <appender-ref ref="file"/>
    </root>

</log4j:configuration>